date,diesel,diesel_yes,regular,regular_yes,src,snapshot_ts
2025-01-01,3.513,3.506,3.062,3.043,wayback,20250101202756
2025-01-02,3.509,3.513,3.067,3.062,wayback,20250102202651
2025-01-03,3.514,3.509,3.067,3.067,wayback,20250103202911
2025-01-05,3.522,3.514,3.064,3.067,wayback,20250105202410
2025-01-06,3.511,3.519,3.064,3.061,wayback,20250106202947
2025-01-07,3.531,3.511,3.068,3.064,wayback,20250107204247
2025-01-08,3.54,3.531,3.069,3.068,wayback,20250108204431
2025-01-09,3.543,3.542,3.066,3.069,wayback,20250109203149
2025-01-11,3.551,3.543,3.064,3.066,wayback,20250111203044
2025-01-12,3.557,3.551,3.067,3.064,wayback,20250112202734
2025-01-13,3.554,3.557,3.065,3.067,wayback,20250113203257
2025-01-14,3.576,3.554,3.071,3.065,wayback,20250114203435
2025-01-15,3.594,3.576,3.089,3.071,wayback,20250115203007
2025-01-16,3.604,3.594,3.103,3.089,wayback,20250116202917
2025-01-19,3.631,3.628,3.12,3.12,wayback,20250119204824
2025-01-21,3.65,3.633,3.126,3.125,wayback,20250121203009
2025-01-23,3.687,3.667,3.135,3.129,wayback,20250123202814
2025-02-15,3.669,3.672,3.16,3.165,wayback,20250215203349
2025-02-16,3.67,3.669,3.158,3.16,wayback,20250216190420
2025-02-17,3.668,3.67,3.161,3.158,wayback,20250217210545
2025-02-18,3.675,3.668,3.161,3.161,wayback,20250218202924
2025-02-19,3.675,3.668,3.161,3.161,wayback,20250219081645
2025-02-20,3.693,3.689,3.165,3.164,wayback,20250220211020
2025-02-21,3.694,3.693,3.162,3.165,wayback,20250221205840
2025-02-22,3.694,3.693,3.162,3.165,wayback,20250222004634
2025-02-23,3.683,3.689,3.145,3.151,wayback,20250223203155
2025-02-24,3.673,3.683,3.144,3.145,wayback,20250224220120
2025-02-25,3.68,3.673,3.14,3.144,wayback,20250225204405
2025-02-26,3.681,3.68,3.134,3.14,wayback,20250226203436
2025-03-02,3.664,3.67,3.103,3.114,wayback,20250302203759
2025-03-03,3.652,3.658,3.097,3.098,wayback,20250303203636
2025-03-04,3.652,3.658,3.097,3.098,wayback,20250304022849
2025-03-06,3.656,3.656,3.107,3.099,wayback,20250306054253
2025-03-07,3.645,3.65,3.106,3.11,wayback,20250307202819
2025-03-08,3.645,3.65,3.106,3.11,wayback,20250308004356
2025-03-09,3.635,3.64,3.089,3.095,wayback,20250309202728
2025-03-22,3.601,3.604,3.127,3.129,wayback,20250322203301
2025-03-23,3.601,3.604,3.127,3.129,wayback,20250323002025
2025-03-24,3.597,3.601,3.126,3.127,wayback,20250324101819
2025-03-25,3.598,3.584,3.139,3.128,wayback,20250325203913
2025-03-26,3.598,3.584,3.139,3.128,wayback,20250326091740
2025-03-27,3.606,3.606,3.155,3.15,wayback,20250327205200
2025-03-28,3.608,3.606,3.157,3.155,wayback,20250328085022
2025-03-29,3.608,3.606,3.157,3.155,wayback,20250329203024
2025-03-30,3.609,3.612,3.159,3.159,wayback,20250330202920
2025-03-31,3.598,3.609,3.168,3.159,wayback,20250331203724
2025-04-02,3.613,3.598,3.201,3.168,wayback,20250402103350
2025-04-05,3.642,3.638,3.268,3.26,wayback,20250405093123
2025-04-06,3.639,3.642,3.262,3.268,wayback,20250406025837
2025-04-07,3.624,3.636,3.259,3.258,wayback,20250407204529
2025-04-08,3.629,3.624,3.246,3.259,wayback,20250408203313
2025-04-10,3.617,3.626,3.222,3.235,wayback,20250410190415
2025-04-13,3.594,3.602,3.189,3.196,wayback,20250413202632
2025-04-14,3.579,3.594,3.184,3.189,wayback,20250414094738
2025-04-25,3.561,3.564,3.164,3.171,wayback,20250425203603
2025-04-26,3.561,3.564,3.164,3.171,wayback,20250426011017
2025-04-27,3.552,3.556,3.149,3.153,wayback,20250427202906
2025-04-28,3.536,3.552,3.149,3.149,wayback,20250428203640
2025-04-29,3.551,3.536,3.16,3.149,wayback,20250429202927
2025-04-30,3.551,3.536,3.16,3.149,wayback,20250430100512
2025-05-15,3.548,3.542,3.192,3.18,wayback,20250515201953
2025-05-16,3.551,3.548,3.192,3.192,wayback,20250516202128
2025-05-17,3.551,3.551,3.185,3.192,wayback,20250517184837
2025-05-18,3.551,3.551,3.185,3.192,wayback,20250518202342
2025-05-28,3.537,3.523,3.163,3.174,wayback,20250528204304
2025-05-29,3.539,3.537,3.166,3.163,wayback,20250529202344
2025-05-30,3.536,3.539,3.162,3.166,wayback,20250530201929
2025-05-31,3.53,3.536,3.15,3.162,wayback,20250531202122
2025-06-01,3.523,3.53,3.143,3.15,wayback,20250601202332
2025-06-02,3.51,3.523,3.141,3.143,wayback,20250602203201
2025-06-03,3.51,3.523,3.141,3.143,wayback,20250603202806
2025-06-07,3.513,3.516,3.131,3.141,wayback,20250607202412
2025-06-09,3.494,3.507,3.124,3.125,wayback,20250609202059
2025-06-10,3.506,3.494,3.121,3.124,wayback,20250610202720
2025-06-11,3.506,3.494,3.121,3.124,wayback,20250611201937
2025-06-12,3.513,3.512,3.128,3.124,wayback,20250612202307
2025-06-13,3.513,3.513,3.132,3.128,wayback,20250613202303
2025-06-15,3.527,3.522,3.135,3.133,wayback,20250615202014
2025-06-16,3.524,3.527,3.14,3.135,wayback,20250616202449
2025-06-17,3.567,3.524,3.167,3.14,wayback,20250617202635
2025-06-18,3.595,3.567,3.187,3.167,wayback,20250618202227
2025-06-19,3.595,3.567,3.187,3.167,wayback,20250619201908
2025-06-21,3.673,3.653,3.219,3.217,wayback,20250621201707
2025-06-22,3.679,3.673,3.218,3.219,wayback,20250622202053
2025-07-05,3.687,3.688,3.148,3.152,wayback,20250705202302
2025-07-06,3.678,3.687,3.145,3.148,wayback,20250706202119
2025-07-07,3.678,3.678,3.143,3.145,wayback,20250707202318
2025-07-08,3.691,3.678,3.149,3.143,wayback,20250708202342
2025-07-11,3.706,3.709,3.167,3.172,wayback,20250711202135
2025-07-13,3.704,3.706,3.153,3.157,wayback,20250713201729
2025-07-14,3.706,3.704,3.153,3.153,wayback,20250714202050
2025-07-16,3.729,3.721,3.16,3.15,wayback,20250716202617
2025-07-17,3.73,3.729,3.16,3.16,wayback,20250717202545
2025-07-18,3.729,3.73,3.155,3.16,wayback,20250718202307
2025-07-19,3.73,3.729,3.145,3.155,wayback,20250719202415
2025-07-20,3.727,3.73,3.14,3.145,wayback,20250720202610
2025-07-21,3.722,3.727,3.14,3.14,wayback,20250721202831
2025-07-22,3.73,3.722,3.144,3.14,wayback,20250722202846
2025-07-23,3.737,3.73,3.155,3.144,wayback,20250723202759
2025-07-26,3.737,3.741,3.15,3.16,wayback,20250726201917
2025-07-27,3.735,3.737,3.145,3.15,wayback,20250727201856
2025-07-29,3.734,3.731,3.136,3.143,wayback,20250729202500
2025-07-30,3.74,3.734,3.14,3.136,wayback,20250730202956
2025-08-09,3.726,3.731,3.145,3.156,wayback,20250809203559
2025-08-10,3.726,3.731,3.145,3.156,wayback,20250810202547
2025-08-11,3.71,3.72,3.138,3.139,wayback,20250811202417
2025-08-12,3.716,3.71,3.14,3.138,wayback,20250812202119
2025-08-13,3.716,3.71,3.14,3.138,wayback,20250813201947
2025-08-14,3.711,3.715,3.153,3.16,wayback,20250814204906
2025-08-17,3.702,3.705,3.138,3.142,wayback,20250817203927
2025-08-19,3.697,3.69,3.13,3.137,wayback,20250819210054
2025-08-20,3.695,3.697,3.133,3.13,wayback,20250820202747
2025-08-21,3.69,3.695,3.137,3.133,wayback,20250821202526
2025-08-22,3.689,3.69,3.141,3.137,wayback,20250822142351
2025-08-23,3.689,3.689,3.149,3.141,wayback,20250823202527
2025-08-24,3.686,3.689,3.153,3.149,wayback,20250824202127
2025-08-26,3.681,3.686,3.161,3.153,wayback,20250826202418
2025-08-27,3.712,3.713,3.21,3.208,wayback,20250827202546
2025-08-28,3.712,3.713,3.21,3.208,wayback,20250828201943
2025-08-29,3.707,3.712,3.201,3.21,wayback,20250829201921
2025-08-30,3.703,3.707,3.192,3.201,wayback,20250830202211
2025-08-31,3.7,3.703,3.188,3.192,wayback,20250831201840
2025-09-01,3.69,3.7,3.19,3.188,wayback,20250901202419
2025-09-11,3.705,3.705,3.194,3.193,wayback,20250911202326
2025-09-12,3.698,3.702,3.178,3.188,wayback,20250912201756
2025-09-14,3.692,3.698,3.175,3.178,wayback,20250914201900
2025-09-16,3.707,3.7,3.2,3.186,wayback,20250916203828
2025-09-17,3.707,3.7,3.2,3.186,wayback,20250917202236
2025-09-22,3.693,3.688,3.171,3.184,wayback,20250922202604
2025-09-24,3.693,3.693,3.163,3.171,wayback,20250924201837
2025-09-25,3.684,3.689,3.148,3.157,wayback,20250925202533
2025-09-27,3.687,3.684,3.137,3.148,wayback,20250927202456
2025-09-28,3.685,3.687,3.132,3.137,wayback,20250928201919
2025-09-29,3.678,3.685,3.135,3.132,wayback,20250929202215
2025-09-30,3.706,3.699,3.16,3.15,wayback,20250930202222
2025-10-01,3.706,3.699,3.16,3.15,wayback,20251001202501
2025-10-02,3.704,3.706,3.159,3.16,wayback,20251002202443
2025-10-03,3.702,3.704,3.152,3.159,wayback,20251003202514
2025-10-05,3.679,3.689,3.133,3.133,wayback,20251005202050
2025-10-06,3.679,3.689,3.133,3.133,wayback,20251006203855
2025-10-13,3.653,3.665,3.082,3.083,wayback,20251013202902
2025-10-14,3.657,3.653,3.076,3.082,wayback,20251014203101
2025-10-16,3.642,3.649,3.051,3.057,wayback,20251016202642
2025-10-19,3.63,3.636,3.036,3.04,wayback,20251019202941
2025-10-20,3.63,3.636,3.036,3.04,wayback,20251020202524
2025-10-21,3.629,3.621,3.066,3.048,wayback,20251021202618
2025-10-22,3.629,3.621,3.066,3.048,wayback,20251022202727
2025-10-24,3.631,3.629,3.071,3.066,wayback,20251024202836
2025-10-25,3.662,3.662,3.052,3.053,wayback,20251025202849
2025-10-27,3.662,3.662,3.052,3.053,wayback,20251027203951
2025-10-28,3.683,3.674,3.038,3.044,wayback,20251028205739
2025-11-07,3.709,3.705,3.084,3.079,wayback,20251107202516
2025-11-08,3.729,3.715,3.073,3.08,wayback,20251108202152
2025-11-09,3.735,3.729,3.07,3.073,wayback,20251109202030
2025-11-14,3.768,3.77,3.072,3.076,wayback,20251114202408
2025-11-15,3.768,3.77,3.072,3.076,wayback,20251115202302
2026-03-02,3.761,3.758,2.984,2.982,wayback,20260302062704
2026-03-08,4.595,4.51,3.45,3.413,wayback,20260308190514
2026-03-10,4.656,4.595,3.478,3.45,wayback,20260310063849
2026-03-19,5.068,5.044,3.842,3.79,wayback,20260319015111
2026-03-22,5.25,5.208,3.942,3.925,wayback,20260322052250
2026-03-26,5.375,5.366,3.981,3.983,wayback,20260326170126
2026-03-29,5.393,5.38,3.976,3.978,wayback,20260329001231
2026-04-02,5.507,5.49,4.081,4.064,wayback,20260402195320
2026-04-05,5.61,5.583,4.11,4.104,wayback,20260405211335
2026-04-06,5.618,5.61,4.119,4.11,wayback,20260406172106
2026-04-08,5.669,5.646,4.164,4.14,wayback,20260408200101
2026-04-10,5.683,5.689,4.153,4.166,wayback,20260410211136
2026-04-12,5.663,5.67,4.125,4.135,wayback,20260412183401
2026-04-21,5.511,5.531,4.022,4.042,wayback,20260421212619
2026-04-22,5.489,5.511,4.02,4.022,wayback,20260422193643
2026-04-23,5.471,5.489,4.031,4.02,wayback,20260423184142
2026-04-28,5.461,5.449,4.176,4.111,wayback,20260428224334
2026-05-03,5.627,5.572,4.433,4.392,wayback,20260503030733
2026-05-13,5.644,5.636,4.504,4.52,wayback,20260513000145
2026-05-15,5.662,5.667,4.528,4.534,wayback,20260515154221
2026-05-18,5.631,5.646,4.515,4.513,wayback,20260518213214
2026-05-19,5.65,5.631,4.533,4.515,wayback,20260519214641
2026-05-21,5.656,5.652,4.564,4.555,wayback,20260521214358
2026-06-03,5.411,5.432,4.261,4.29,wayback,20260603020553
2026-06-04,5.394,5.411,4.241,4.261,wayback,20260604215726
2026-06-09,5.317,5.318,4.161,4.164,wayback,20260609222156
2026-06-10,5.317,5.318,4.161,4.164,wayback,20260610035545
2026-06-11,5.279,5.303,4.129,4.151,wayback,20260611223539
2026-06-12,5.259,5.279,4.108,4.129,wayback,20260612215444
2026-06-13,5.236,5.259,4.086,4.108,wayback,20260613212612
2026-06-17,5.162,5.185,4.025,4.044,wayback,20260617221621
2026-06-20,5.062,5.095,3.951,3.973,wayback,20260620212856
2026-06-22,5.04,5.062,3.938,3.951,wayback,20260622050332
2026-06-23,5.0,5.013,3.926,3.929,wayback,20260623215015
2026-06-25,4.955,4.98,3.918,3.928,wayback,20260625214826
2026-07-03,4.811,4.827,3.823,3.838,wayback,20260703211051
2026-07-04,4.797,4.811,3.81,3.823,wayback,20260704040600
2026-07-05,4.777,4.797,3.804,3.81,wayback,20260705210745
2026-07-09,4.81,4.772,3.846,3.796,wayback,20260709212739
2026-07-10,4.852,4.81,3.884,3.846,wayback,20260710211632
2026-07-13,4.875,4.88,3.872,3.876,wayback,20260713210715
2026-07-16,5.005,4.938,3.943,3.89,wayback,20260716211042
2026-07-18,5.088,5.058,3.992,3.981,wayback,20260718213411
2026-07-20,5.108,5.101,4.003,3.998,wayback,20260720211843
2026-07-31,5.353,5.339,4.106,4.098,wayback,20260731213429
2026-08-05,5.3622,5.3715,4.0801,4.0892,wayback,20260805212221
2026-08-07,5.3474,5.3622,4.0633,4.0801,wayback,20260807005822
2026-08-19,5.5042,5.4677,4.086,4.0654,wayback,20260819203556
2026-08-22,5.5947,5.5764,4.1024,4.1092,wayback,20260822182640
2026-08-28,5.6183,5.623,4.0997,4.1014,wayback,20260828003907
2026-08-29,5.6046,5.6105,4.081,4.0898,wayback,20260829025604
2026-08-31,5.6002,5.6035,4.0807,4.0787,wayback,20260831201028
2026-09-01,5.6325,5.6002,4.0954,4.0807,wayback,20260901200649
2026-09-04,5.85,5.7832,4.1474,4.1436,wayback,20260904201706
2026-09-09,5.9424,5.9012,4.2245,4.1514,wayback,20260909202646
2026-09-10,5.9773,5.9424,4.277,4.2245,wayback,20260910221936
2026-09-12,6.1602,6.0556,4.3104,4.295,wayback,20260912201136
2026-09-22,6.5276,6.5107,4.475,4.4786,wayback,20260922134306
2026-09-26,6.5355,6.5671,4.3446,4.3669,live,20260926181838
2026-09-27,6.5113,6.5355,4.3266,4.3446,live,20260927120354
2026-09-28,6.4927,6.5113,4.3084,4.3266,live,20260928100052
